{"Loss": 0.6497296690940857, "MAE": 0.5649725794792175}