{"loss": [19.062461853027344, 13.850123405456543, 7.25944185256958, 3.459937810897827, 2.7594268321990967, 2.3867242336273193, 2.07403826713562, 1.83688485622406, 1.654968500137329, 1.50208580493927, 1.3881338834762573, 1.2855701446533203, 1.2047406435012817, 1.1398427486419678, 1.0847687721252441, 1.0380935668945312, 1.0288524627685547, 0.9833800196647644, 0.9605904221534729, 0.9411861300468445, 0.9221079349517822, 0.9064410328865051, 0.9033681750297546, 0.8912781476974487, 0.890275239944458, 0.8798300623893738, 0.8609513640403748, 0.8800321817398071, 0.8560157418251038, 0.8467715978622437, 0.8531231880187988, 0.8507583141326904, 0.8317827582359314, 0.8374990820884705, 0.8246597647666931, 0.8183614015579224, 0.8299438953399658, 0.8181105852127075, 0.8154719471931458, 0.7992569804191589, 0.7980828881263733, 0.7971551418304443, 0.7910217642784119, 0.7891103029251099, 0.7843761444091797, 0.7992790937423706, 0.7737244367599487, 0.7825474739074707, 0.7686726450920105, 0.766872763633728, 0.7541226744651794, 0.7756995558738708, 0.7812315821647644, 0.7681843042373657, 0.7520133852958679, 0.7597501277923584, 0.7751680016517639, 0.760030210018158, 0.7618078589439392, 0.7521007657051086, 0.7437511682510376, 0.7375099062919617, 0.7472922801971436, 0.7572371959686279, 0.737392783164978, 0.738700807094574, 0.73902827501297, 0.7476119995117188, 0.7455694675445557, 0.7564810514450073, 0.7649198174476624, 0.7635688185691833, 0.7253956198692322, 0.7294964790344238, 0.7301596999168396, 0.7589298486709595, 0.7203761339187622, 0.724327564239502, 0.7167965769767761, 0.7445687651634216, 0.7435749173164368, 0.7198699712753296, 0.7183263301849365, 0.7101444602012634, 0.7185907363891602, 0.7149390578269958, 0.7160887122154236, 0.7175344824790955, 0.746623694896698, 0.7390527129173279, 0.7154112458229065, 0.7125335335731506, 0.7125564813613892, 0.7237615585327148, 0.7185499668121338, 0.69482421875, 0.6928995847702026, 0.7000659108161926, 0.7116166353225708, 0.7011436223983765, 0.7126954793930054, 0.7037838101387024, 0.6993530988693237, 0.7428359985351562, 0.6947433948516846, 0.7054299116134644, 0.6952904462814331, 0.6977212429046631, 0.6930105090141296, 0.687472939491272, 0.6909745931625366, 0.6832540035247803, 0.6871821284294128], "mae": [4.2093000411987305, 3.519484043121338, 2.3980541229248047, 1.6110711097717285, 1.3982468843460083, 1.3036218881607056, 1.2002918720245361, 1.1416372060775757, 1.0686160326004028, 1.026434063911438, 0.959496021270752, 0.9280917048454285, 0.8665808439254761, 0.8390703201293945, 0.8060868978500366, 0.7773382663726807, 0.7714968323707581, 0.7388403415679932, 0.7259979248046875, 0.7131792902946472, 0.6960962414741516, 0.6887571811676025, 0.6895018219947815, 0.6833836436271667, 0.6714380979537964, 0.6665945649147034, 0.6539847254753113, 0.6685577034950256, 0.6575154066085815, 0.650635302066803, 0.6496655941009521, 0.655215859413147, 0.6447837352752686, 0.6450329422950745, 0.6352466344833374, 0.635205864906311, 0.6396053433418274, 0.6293165683746338, 0.6337155699729919, 0.6254938840866089, 0.6204326748847961, 0.6277463436126709, 0.6197947263717651, 0.6171019673347473, 0.615020215511322, 0.6186062693595886, 0.6103238463401794, 0.6209227442741394, 0.6122466325759888, 0.6124306321144104, 0.6023871302604675, 0.6087366342544556, 0.6099687218666077, 0.601762592792511, 0.6013997793197632, 0.6008992195129395, 0.6059494018554688, 0.5998792052268982, 0.6009418368339539, 0.5964016914367676, 0.5916122794151306, 0.5938633680343628, 0.593482494354248, 0.5974308848381042, 0.5891984701156616, 0.5862893462181091, 0.5884376764297485, 0.5933141708374023, 0.5874168276786804, 0.5977274775505066, 0.5989491939544678, 0.5951860547065735, 0.5769619941711426, 0.5770149827003479, 0.5800080895423889, 0.5930629372596741, 0.5742077827453613, 0.5781411528587341, 0.5726896524429321, 0.581554651260376, 0.5911192297935486, 0.5773121118545532, 0.5740861296653748, 0.5649495720863342, 0.568945050239563, 0.5696170926094055, 0.5725222826004028, 0.5713316798210144, 0.5883409976959229, 0.5882443189620972, 0.5703617930412292, 0.5683078169822693, 0.5737028121948242, 0.5690355896949768, 0.5771802067756653, 0.5616772174835205, 0.5546287298202515, 0.5597866773605347, 0.5625817775726318, 0.5584800243377686, 0.567282497882843, 0.5605554580688477, 0.5596262812614441, 0.5830613374710083, 0.5557883977890015, 0.5648058652877808, 0.562478244304657, 0.5600066781044006, 0.5542255640029907, 0.5528174638748169, 0.5492807626724243, 0.5492990612983704, 0.5587145090103149], "val_loss": [17.45895767211914, 11.422027587890625, 4.925870895385742, 3.0193607807159424, 2.5369865894317627, 2.0878279209136963, 1.7344046831130981, 1.4632444381713867, 1.2907315492630005, 1.1367967128753662, 1.0291320085525513, 0.9215083718299866, 0.8681655526161194, 0.8350425362586975, 0.7752159833908081, 0.7147091031074524, 0.7120130658149719, 0.6899628639221191, 0.6848263144493103, 0.6515213847160339, 0.6584839820861816, 0.6228437423706055, 0.6104843020439148, 0.6028395295143127, 0.5970420837402344, 0.6115829348564148, 0.6591997742652893, 0.6132296323776245, 0.5773532390594482, 0.6053225994110107, 0.6157578229904175, 0.6016325354576111, 0.5773533582687378, 0.5734830498695374, 0.5671083927154541, 0.5651296377182007, 0.5802401900291443, 0.5882185697555542, 0.5617749691009521, 0.5480091571807861, 0.5700844526290894, 0.554442822933197, 0.5412715673446655, 0.538133442401886, 0.534740686416626, 0.5319438576698303, 0.5662972927093506, 0.5336290001869202, 0.5588883757591248, 0.5562219023704529, 0.528691291809082, 0.5229796767234802, 0.5665066242218018, 0.5404648184776306, 0.5592114329338074, 0.5336599349975586, 0.5592943429946899, 0.5461530685424805, 0.5168813467025757, 0.5228451490402222, 0.5289998650550842, 0.5288302302360535, 0.5453239679336548, 0.5335468649864197, 0.5274088382720947, 0.5154934525489807, 0.519521951675415, 0.519984245300293, 0.5116652846336365, 0.6061753034591675, 0.518966019153595, 0.5147222876548767, 0.5131919384002686, 0.5080666542053223, 0.5106228590011597, 0.5073947310447693, 0.5159942507743835, 0.5062292814254761, 0.5758040547370911, 0.5516394972801208, 0.5206644535064697, 0.515605628490448, 0.5074231028556824, 0.509590208530426, 0.5081320405006409, 0.5037670731544495, 0.5121265053749084, 0.5276678800582886, 0.5404525399208069, 0.5132076740264893, 0.496900349855423, 0.5275125503540039, 0.5516937375068665, 0.5005683898925781, 0.5032862424850464, 0.49041253328323364, 0.5157431364059448, 0.48693281412124634, 0.49018263816833496, 0.49852609634399414, 0.49394863843917847, 0.49837684631347656, 0.4849705100059509, 0.48891615867614746, 0.5191761255264282, 0.4976322054862976, 0.5072619318962097, 0.4879339337348938, 0.4972359240055084, 0.497100830078125, 0.5047065615653992, 0.5280643105506897, 0.49588125944137573],