{"Loss": 0.6274741888046265, "MAE": 0.5354323387145996}