{"Loss": 0.5302082896232605, "MAE": 0.48925691843032837}